	url	quest
0	https://ffxiv.gamerescape.com/wiki/A_Bargain_Struck	A Bargain Struck
1	https://ffxiv.gamerescape.com/wiki/A_Beeautiful_Plan	A Beeautiful Plan
2	https://ffxiv.gamerescape.com/wiki/A_Blessed_Instrument	A Blessed Instrument
3	https://ffxiv.gamerescape.com/wiki/A_Blissful_Arrival	A Blissful Arrival
4	https://ffxiv.gamerescape.com/wiki/A_Bold_Decision	A Bold Decision
5	https://ffxiv.gamerescape.com/wiki/A_Boy%27s_Errand	A Boy's Errand
6	https://ffxiv.gamerescape.com/wiki/A_Brave_Resolution	A Brave Resolution
7	https://ffxiv.gamerescape.com/wiki/A_Breath_of_Respite	A Breath of Respite
8	https://ffxiv.gamerescape.com/wiki/A_Brief_Reprieve	A Brief Reprieve
9	https://ffxiv.gamerescape.com/wiki/A_Brother%27s_Grief	A Brother's Grief
10	https://ffxiv.gamerescape.com/wiki/A_Capital_Idea	A Capital Idea
11	https://ffxiv.gamerescape.com/wiki/A_Child_Apart	A Child Apart
12	https://ffxiv.gamerescape.com/wiki/A_Cold_Reunion	A Cold Reunion
13	https://ffxiv.gamerescape.com/wiki/A_Convenient_Distraction	A Convenient Distraction
14	https://ffxiv.gamerescape.com/wiki/A_Dash_of_Green	A Dash of Green
15	https://ffxiv.gamerescape.com/wiki/A_Day_in_the_Neighborhood	A Day in the Neighborhood
16	https://ffxiv.gamerescape.com/wiki/A_Defector%27s_Tidings	A Defector's Tidings
17	https://ffxiv.gamerescape.com/wiki/A_Desert_Crossing	A Desert Crossing
18	https://ffxiv.gamerescape.com/wiki/A_Difference_of_Opinion	A Difference of Opinion
19	https://ffxiv.gamerescape.com/wiki/A_Dirty_Job	A Dirty Job
20	https://ffxiv.gamerescape.com/wiki/A_Dragon%27s_Resolve	A Dragon's Resolve
21	https://ffxiv.gamerescape.com/wiki/A_Familiar_Face_Forgotten	A Familiar Face Forgotten
22	https://ffxiv.gamerescape.com/wiki/A_Feast_of_Lies	A Feast of Lies
23	https://ffxiv.gamerescape.com/wiki/A_Fickle_Existence	A Fickle Existence
24	https://ffxiv.gamerescape.com/wiki/A_Final_Peace	A Final Peace
25	https://ffxiv.gamerescape.com/wiki/A_Final_Temptation	A Final Temptation
26	https://ffxiv.gamerescape.com/wiki/A_Fisherman%27s_Friend	A Fisherman's Friend
27	https://ffxiv.gamerescape.com/wiki/A_Fitting_Payment	A Fitting Payment
28	https://ffxiv.gamerescape.com/wiki/A_Flower_upon_Your_Return	A Flower upon Your Return
29	https://ffxiv.gamerescape.com/wiki/A_Fresh_Start	A Fresh Start
30	https://ffxiv.gamerescape.com/wiki/A_Friend_of_a_Friend_in_Need	A Friend of a Friend in Need
31	https://ffxiv.gamerescape.com/wiki/A_Frosty_Reception	A Frosty Reception
32	https://ffxiv.gamerescape.com/wiki/A_General_Summons	A General Summons
33	https://ffxiv.gamerescape.com/wiki/A_Gigantic_Undertaking	A Gigantic Undertaking
34	https://ffxiv.gamerescape.com/wiki/A_Glimpse_of_Madness	A Glimpse of Madness
35	https://ffxiv.gamerescape.com/wiki/A_Gnathic_Deity	A Gnathic Deity
36	https://ffxiv.gamerescape.com/wiki/A_Good_Samurai_Is_Hard_to_Find	A Good Samurai Is Hard to Find
37	https://ffxiv.gamerescape.com/wiki/A_Grand_Adventure	A Grand Adventure
38	https://ffxiv.gamerescape.com/wiki/A_Great_New_Nation	A Great New Nation
39	https://ffxiv.gamerescape.com/wiki/A_Greater_Purpose	A Greater Purpose
40	https://ffxiv.gamerescape.com/wiki/A_Guide_of_Sorts	A Guide of Sorts
41	https://ffxiv.gamerescape.com/wiki/A_Guilty_Conscience	A Guilty Conscience
42	https://ffxiv.gamerescape.com/wiki/A_Harey_Situation	A Harey Situation
43	https://ffxiv.gamerescape.com/wiki/A_Haven_for_the_Bold	A Haven for the Bold
44	https://ffxiv.gamerescape.com/wiki/A_Hearer_Is_Often_Late	A Hearer Is Often Late
45	https://ffxiv.gamerescape.com/wiki/A_Helping_Hand	A Helping Hand
46	https://ffxiv.gamerescape.com/wiki/A_Hero_in_Need	A Hero in Need
47	https://ffxiv.gamerescape.com/wiki/A_Hero_in_the_Making	A Hero in the Making
48	https://ffxiv.gamerescape.com/wiki/A_Knight%27s_Calling	A Knight's Calling
49	https://ffxiv.gamerescape.com/wiki/A_Labyrinthine_Descent	A Labyrinthine Descent
50	https://ffxiv.gamerescape.com/wiki/A_Life_More_Ordinary	A Life More Ordinary
51	https://ffxiv.gamerescape.com/wiki/A_Little_Faith	A Little Faith
52	https://ffxiv.gamerescape.com/wiki/A_Little_Slow,_a_Little_Late	A Little Slow, a Little Late
53	https://ffxiv.gamerescape.com/wiki/A_Matter_of_Tradition	A Matter of Tradition
54	https://ffxiv.gamerescape.com/wiki/A_Mizzenmast_Repast	A Mizzenmast Repast
55	https://ffxiv.gamerescape.com/wiki/A_Modest_Proposal	A Modest Proposal
56	https://ffxiv.gamerescape.com/wiki/A_New_Ruby_Tithe	A New Ruby Tithe
57	https://ffxiv.gamerescape.com/wiki/A_Notable_Absence	A Notable Absence
58	https://ffxiv.gamerescape.com/wiki/A_Party_Soon_Divided	A Party Soon Divided
59	https://ffxiv.gamerescape.com/wiki/A_Past,_Not_Yet_Come_to_Pass	A Past, Not Yet Come to Pass
60	https://ffxiv.gamerescape.com/wiki/A_Power_in_Slumber	A Power in Slumber
61	https://ffxiv.gamerescape.com/wiki/A_Promising_Prospect	A Promising Prospect
62	https://ffxiv.gamerescape.com/wiki/A_Proper_Burial	A Proper Burial
63	https://ffxiv.gamerescape.com/wiki/A_Purchase_of_Fruit	A Purchase of Fruit
64	https://ffxiv.gamerescape.com/wiki/A_Requiem_for_Heroes	A Requiem for Heroes
65	https://ffxiv.gamerescape.com/wiki/A_Resounding_Roar	A Resounding Roar
66	https://ffxiv.gamerescape.com/wiki/A_Reward_Long_in_Coming	A Reward Long in Coming
67	https://ffxiv.gamerescape.com/wiki/A_Royal_Reception	A Royal Reception
68	https://ffxiv.gamerescape.com/wiki/A_Satrap%27s_Duty	A Satrap's Duty
69	https://ffxiv.gamerescape.com/wiki/A_Season_for_War	A Season for War
70	https://ffxiv.gamerescape.com/wiki/A_Seat_at_the_Last_Stand	A Seat at the Last Stand
71	https://ffxiv.gamerescape.com/wiki/A_Sentimental_Gift	A Sentimental Gift
72	https://ffxiv.gamerescape.com/wiki/A_Series_of_Unfortunate_Events	A Series of Unfortunate Events
73	https://ffxiv.gamerescape.com/wiki/A_Silence_in_Three_Parts	A Silence in Three Parts
74	https://ffxiv.gamerescape.com/wiki/A_Simple_Gift	A Simple Gift
75	https://ffxiv.gamerescape.com/wiki/A_Simple_Plan	A Simple Plan
76	https://ffxiv.gamerescape.com/wiki/A_Sleep_Disturbed	A Sleep Disturbed
77	https://ffxiv.gamerescape.com/wiki/A_Soldier%27s_Breakfast	A Soldier's Breakfast
78	https://ffxiv.gamerescape.com/wiki/A_Spectacle_for_the_Ages	A Spectacle for the Ages
79	https://ffxiv.gamerescape.com/wiki/A_Still_Tide	A Still Tide
80	https://ffxiv.gamerescape.com/wiki/A_Sultana%27s_Duty	A Sultana's Duty
81	https://ffxiv.gamerescape.com/wiki/A_Sultana%27s_Resolve	A Sultana's Resolve
82	https://ffxiv.gamerescape.com/wiki/A_Sultana%27s_Strings	A Sultana's Strings
83	https://ffxiv.gamerescape.com/wiki/A_Swift_and_Secret_Departure	A Swift and Secret Departure
84	https://ffxiv.gamerescape.com/wiki/A_Taste_of_Honey	A Taste of Honey
85	https://ffxiv.gamerescape.com/wiki/A_Taste_of_the_Moon	A Taste of the Moon
86	https://ffxiv.gamerescape.com/wiki/A_Time_to_Every_Purpose	A Time to Every Purpose
87	https://ffxiv.gamerescape.com/wiki/A_Trial_Before_the_Trial	A Trial Before the Trial
88	https://ffxiv.gamerescape.com/wiki/A_Trip_to_the_Moon	A Trip to the Moon
89	https://ffxiv.gamerescape.com/wiki/A_Visit_to_the_Nu_Mou	A Visit to the Nu Mou
90	https://ffxiv.gamerescape.com/wiki/A_Warrior%27s_Welcome	A Warrior's Welcome
91	https://ffxiv.gamerescape.com/wiki/A_Way_Forward	A Way Forward
92	https://ffxiv.gamerescape.com/wiki/A_Welcome_Guest	A Welcome Guest
93	https://ffxiv.gamerescape.com/wiki/A_Whale%27s_Tale	A Whale's Tale
94	https://ffxiv.gamerescape.com/wiki/A_Wild_Rose_by_Any_Other_Name	A Wild Rose by Any Other Name
95	https://ffxiv.gamerescape.com/wiki/A_World_with_Light_and_Life	A World with Light and Life
96	https://ffxiv.gamerescape.com/wiki/A_%C2%A7tr%CE%B1nge_New_World	A §trαnge New World
97	https://ffxiv.gamerescape.com/wiki/A-Digging_We_Will_Go	A-Digging We Will Go
98	https://ffxiv.gamerescape.com/wiki/Above_the_Churning_Waters	Above the Churning Waters
99	https://ffxiv.gamerescape.com/wiki/Acht-la_Ormh_Inn	Acht-la Ormh Inn
100	https://ffxiv.gamerescape.com/wiki/Acting_the_Part	Acting the Part
101	https://ffxiv.gamerescape.com/wiki/Administrative_Decision	Administrative Decision
102	https://ffxiv.gamerescape.com/wiki/Aether_on_Demand	Aether on Demand
103	https://ffxiv.gamerescape.com/wiki/Aether_to_Aether	Aether to Aether
104	https://ffxiv.gamerescape.com/wiki/Aetherial_Trail	Aetherial Trail
105	https://ffxiv.gamerescape.com/wiki/Against_the_Dying_of_the_Light	Against the Dying of the Light
106	https://ffxiv.gamerescape.com/wiki/Agriculture_Shock	Agriculture Shock
107	https://ffxiv.gamerescape.com/wiki/Alea_Iacta_Est	Alea Iacta Est
108	https://ffxiv.gamerescape.com/wiki/Alisaie%27s_Quest	Alisaie's Quest
109	https://ffxiv.gamerescape.com/wiki/Alisaie%27s_Stones	Alisaie's Stones
110	https://ffxiv.gamerescape.com/wiki/All_Due_Respect	All Due Respect
111	https://ffxiv.gamerescape.com/wiki/All_Good_Things	All Good Things
112	https://ffxiv.gamerescape.com/wiki/All_the_Little_Angels	All the Little Angels
113	https://ffxiv.gamerescape.com/wiki/All_Things_in_Time	All Things in Time
114	https://ffxiv.gamerescape.com/wiki/All%27s_Vale_That_Endsvale	All's Vale That Endsvale
115	https://ffxiv.gamerescape.com/wiki/Alphinaud%27s_Way	Alphinaud's Way
116	https://ffxiv.gamerescape.com/wiki/Alzadaal%27s_Legacy	Alzadaal's Legacy
117	https://ffxiv.gamerescape.com/wiki/Amalj%27aa_Wrong_Places	Amalj'aa Wrong Places
118	https://ffxiv.gamerescape.com/wiki/Amidst_the_Apocalypse	Amidst the Apocalypse
119	https://ffxiv.gamerescape.com/wiki/An_Allied_Decision	An Allied Decision
120	https://ffxiv.gamerescape.com/wiki/An_Allied_Perspective	An Allied Perspective
121	https://ffxiv.gamerescape.com/wiki/An_Ally_for_Ishgard	An Ally for Ishgard
122	https://ffxiv.gamerescape.com/wiki/An_End_to_the_Song	An End to the Song
123	https://ffxiv.gamerescape.com/wiki/An_Ending_to_Mark_a_New_Beginning	An Ending to Mark a New Beginning
124	https://ffxiv.gamerescape.com/wiki/An_Engineering_Enterprise	An Engineering Enterprise
125	https://ffxiv.gamerescape.com/wiki/An_Envoy_for_Ishgard	An Envoy for Ishgard
126	https://ffxiv.gamerescape.com/wiki/An_Eye_for_Aether	An Eye for Aether
127	https://ffxiv.gamerescape.com/wiki/An_Illuminati_Incident	An Illuminati Incident
128	https://ffxiv.gamerescape.com/wiki/An_Impossible_Dream	An Impossible Dream
129	https://ffxiv.gamerescape.com/wiki/An_Indispensable_Ally	An Indispensable Ally
130	https://ffxiv.gamerescape.com/wiki/An_Offer_You_Can_Refuse	An Offer You Can Refuse
131	https://ffxiv.gamerescape.com/wiki/An_Old_Friend	An Old Friend
132	https://ffxiv.gamerescape.com/wiki/An_Uncertain_Future	An Uncertain Future
133	https://ffxiv.gamerescape.com/wiki/An_Unexpected_Ambition	An Unexpected Ambition
134	https://ffxiv.gamerescape.com/wiki/An_Unforeseen_Bargain	An Unforeseen Bargain
135	https://ffxiv.gamerescape.com/wiki/An_Uninvited_Ascian	An Uninvited Ascian
136	https://ffxiv.gamerescape.com/wiki/An_Unwanted_Proposal	An Unwanted Proposal
137	https://ffxiv.gamerescape.com/wiki/An_Unwelcome_Guest	An Unwelcome Guest
138	https://ffxiv.gamerescape.com/wiki/Ancient_Ways,_Timeless_Wants	Ancient Ways, Timeless Wants
139	https://ffxiv.gamerescape.com/wiki/Another_Time,_Another_Place	Another Time, Another Place
140	https://ffxiv.gamerescape.com/wiki/Arenvald%27s_Adventure	Arenvald's Adventure
141	https://ffxiv.gamerescape.com/wiki/As_Goes_Light,_So_Goes_Darkness	As Goes Light, So Goes Darkness
142	https://ffxiv.gamerescape.com/wiki/As_It_Once_Was	As It Once Was
143	https://ffxiv.gamerescape.com/wiki/As_the_Gods_Will	As the Gods Will
144	https://ffxiv.gamerescape.com/wiki/As_the_Heavens_Burn	As the Heavens Burn
145	https://ffxiv.gamerescape.com/wiki/As_You_Wish	As You Wish
146	https://ffxiv.gamerescape.com/wiki/At_the_End_of_Our_Hope	At the End of Our Hope
147	https://ffxiv.gamerescape.com/wiki/At_the_End_of_the_Trail	At the End of the Trail
148	https://ffxiv.gamerescape.com/wiki/At_World%27s_End	At World's End
149	https://ffxiv.gamerescape.com/wiki/Awakening_in_Ul%27dah	Awakening in Ul'dah
150	https://ffxiv.gamerescape.com/wiki/Back_and_Fourth	Back and Fourth
151	https://ffxiv.gamerescape.com/wiki/Back_from_the_Wood	Back from the Wood
152	https://ffxiv.gamerescape.com/wiki/Back_to_Old_Tricks	Back to Old Tricks
153	https://ffxiv.gamerescape.com/wiki/Back_to_Square_One	Back to Square One
154	https://ffxiv.gamerescape.com/wiki/Bait_and_Switch	Bait and Switch
155	https://ffxiv.gamerescape.com/wiki/Battle_Scars	Battle Scars
156	https://ffxiv.gamerescape.com/wiki/Bearing_with_It	Bearing with It
157	https://ffxiv.gamerescape.com/wiki/Before_the_Dawn	Before the Dawn
158	https://ffxiv.gamerescape.com/wiki/Believe_in_Your_Sylph	Believe in Your Sylph
159	https://ffxiv.gamerescape.com/wiki/Beneath_a_Star-filled_Sky	Beneath a Star-filled Sky
160	https://ffxiv.gamerescape.com/wiki/Beneath_the_Surface	Beneath the Surface
161	https://ffxiv.gamerescape.com/wiki/Bereft_of_Hearth_and_Home	Bereft of Hearth and Home
162	https://ffxiv.gamerescape.com/wiki/Best_Laid_Schemes	Best Laid Schemes
163	https://ffxiv.gamerescape.com/wiki/Best_of_the_Best	Best of the Best
164	https://ffxiv.gamerescape.com/wiki/Best_Served_with_Cold_Steel	Best Served with Cold Steel
165	https://ffxiv.gamerescape.com/wiki/Better_Late_than_Never	Better Late than Never
166	https://ffxiv.gamerescape.com/wiki/Beyond_the_Clouds	Beyond the Clouds
167	https://ffxiv.gamerescape.com/wiki/Beyond_the_Depths_of_Despair	Beyond the Depths of Despair
168	https://ffxiv.gamerescape.com/wiki/Beyond_the_Great_Wall	Beyond the Great Wall
169	https://ffxiv.gamerescape.com/wiki/Big_Trouble_in_Little_Ala_Mhigo	Big Trouble in Little Ala Mhigo
170	https://ffxiv.gamerescape.com/wiki/Black_and_the_White	Black and the White
171	https://ffxiv.gamerescape.com/wiki/Blood_for_Blood	Blood for Blood
172	https://ffxiv.gamerescape.com/wiki/Bloodlines	Bloodlines
173	https://ffxiv.gamerescape.com/wiki/Bolt,_Chain,_and_Island	Bolt, Chain, and Island
174	https://ffxiv.gamerescape.com/wiki/Bonds_of_Adamant(ite)	Bonds of Adamant(ite)
175	https://ffxiv.gamerescape.com/wiki/Bountiful_Ruins	Bountiful Ruins
176	https://ffxiv.gamerescape.com/wiki/Boys_with_Boats	Boys with Boats
177	https://ffxiv.gamerescape.com/wiki/Brave_New_Companions	Brave New Companions
178	https://ffxiv.gamerescape.com/wiki/Breaking_and_Delivering	Breaking and Delivering
179	https://ffxiv.gamerescape.com/wiki/Breaking_into_Hives	Breaking into Hives
180	https://ffxiv.gamerescape.com/wiki/Breaking_the_Cycle	Breaking the Cycle
181	https://ffxiv.gamerescape.com/wiki/Bridging_the_Rift	Bridging the Rift
182	https://ffxiv.gamerescape.com/wiki/Bringing_out_the_Dead	Bringing out the Dead
183	https://ffxiv.gamerescape.com/wiki/Broken_Steel,_Broken_Men	Broken Steel, Broken Men
184	https://ffxiv.gamerescape.com/wiki/Brotherly_Love	Brotherly Love
185	https://ffxiv.gamerescape.com/wiki/Build_on_the_Stone	Build on the Stone
186	https://ffxiv.gamerescape.com/wiki/Buried_Memory	Buried Memory
187	https://ffxiv.gamerescape.com/wiki/Bury_Me_Not_on_the_Lone_Prairie	Bury Me Not on the Lone Prairie
188	https://ffxiv.gamerescape.com/wiki/By_the_Grace_of_Lord_Lolorito	By the Grace of Lord Lolorito
189	https://ffxiv.gamerescape.com/wiki/By_the_Lights_of_Ishgard	By the Lights of Ishgard
190	https://ffxiv.gamerescape.com/wiki/Caging_the_Messenger	Caging the Messenger
191	https://ffxiv.gamerescape.com/wiki/Call_of_the_Desert	Call of the Desert
192	https://ffxiv.gamerescape.com/wiki/Call_of_the_Forest	Call of the Forest
193	https://ffxiv.gamerescape.com/wiki/Call_of_the_Sea_(Gridania)	Call of the Sea (Gridania)
194	https://ffxiv.gamerescape.com/wiki/Call_of_the_Sea_(Ul%27dah)	Call of the Sea (Ul'dah)
195	https://ffxiv.gamerescape.com/wiki/Camp_of_the_Convictors	Camp of the Convictors
196	https://ffxiv.gamerescape.com/wiki/Casing_the_Castrum	Casing the Castrum
197	https://ffxiv.gamerescape.com/wiki/Causes_and_Costs	Causes and Costs
198	https://ffxiv.gamerescape.com/wiki/Chasing_Ivy	Chasing Ivy
199	https://ffxiv.gamerescape.com/wiki/Chasing_Shadows	Chasing Shadows
200	https://ffxiv.gamerescape.com/wiki/Chimerical_Maintenance	Chimerical Maintenance
201	https://ffxiv.gamerescape.com/wiki/Choices	Choices
202	https://ffxiv.gamerescape.com/wiki/City_of_Final_Pleasures	City of Final Pleasures
203	https://ffxiv.gamerescape.com/wiki/City_of_the_Ancients	City of the Ancients
204	https://ffxiv.gamerescape.com/wiki/City_of_the_First	City of the First
205	https://ffxiv.gamerescape.com/wiki/City_of_the_Mord	City of the Mord
206	https://ffxiv.gamerescape.com/wiki/Close_Encounters_of_the_VIth_Kind	Close Encounters of the VIth Kind
207	https://ffxiv.gamerescape.com/wiki/Close_to_Home_(Gridania)	Close to Home (Gridania)
208	https://ffxiv.gamerescape.com/wiki/Close_to_Home_(Limsa_Lominsa)	Close to Home (Limsa Lominsa)
209	https://ffxiv.gamerescape.com/wiki/Close_to_Home_(Ul%27dah)	Close to Home (Ul'dah)
210	https://ffxiv.gamerescape.com/wiki/Cold_Reception	Cold Reception
211	https://ffxiv.gamerescape.com/wiki/Come_Highly_Recommended	Come Highly Recommended
212	https://ffxiv.gamerescape.com/wiki/Come,_but_Not_Gone	Come, but Not Gone
213	https://ffxiv.gamerescape.com/wiki/Come-Into-My-Castrum	Come-Into-My-Castrum
214	https://ffxiv.gamerescape.com/wiki/Coming_to_Gridania	Coming to Gridania
215	https://ffxiv.gamerescape.com/wiki/Coming_to_Ishgard	Coming to Ishgard
216	https://ffxiv.gamerescape.com/wiki/Coming_to_Limsa_Lominsa	Coming to Limsa Lominsa
217	https://ffxiv.gamerescape.com/wiki/Coming_to_Terms	Coming to Terms
218	https://ffxiv.gamerescape.com/wiki/Coming_to_Ul%27dah	Coming to Ul'dah
219	https://ffxiv.gamerescape.com/wiki/Committed_to_the_Cause	Committed to the Cause
220	https://ffxiv.gamerescape.com/wiki/Confederate_Consternation	Confederate Consternation
221	https://ffxiv.gamerescape.com/wiki/Conscripts_and_Contingencies	Conscripts and Contingencies
222	https://ffxiv.gamerescape.com/wiki/Consequences	Consequences
223	https://ffxiv.gamerescape.com/wiki/Courting_Cooperation	Courting Cooperation
224	https://ffxiv.gamerescape.com/wiki/Crossing_the_Velodyna	Crossing the Velodyna
225	https://ffxiv.gamerescape.com/wiki/Crossroads	Crossroads
226	https://ffxiv.gamerescape.com/wiki/Culling_Their_Ranks	Culling Their Ranks
227	https://ffxiv.gamerescape.com/wiki/Dance_Dance_Diplomacy	Dance Dance Diplomacy
228	https://ffxiv.gamerescape.com/wiki/Dark_Words,_Dark_Deeds	Dark Words, Dark Deeds
229	https://ffxiv.gamerescape.com/wiki/Daughter_of_the_Deep	Daughter of the Deep
230	https://ffxiv.gamerescape.com/wiki/Death_by_a_Thousand_Rocks	Death by a Thousand Rocks
231	https://ffxiv.gamerescape.com/wiki/Death_Unto_Dawn	Death Unto Dawn
232	https://ffxiv.gamerescape.com/wiki/Deep_Designs	Deep Designs
233	https://ffxiv.gamerescape.com/wiki/Deeper_into_the_Maze	Deeper into the Maze
234	https://ffxiv.gamerescape.com/wiki/Defenders_for_Ishgard	Defenders for Ishgard
235	https://ffxiv.gamerescape.com/wiki/Desires_Untold	Desires Untold
236	https://ffxiv.gamerescape.com/wiki/Desperate_Times	Desperate Times
237	https://ffxiv.gamerescape.com/wiki/Devourer_of_Worlds	Devourer of Worlds
238	https://ffxiv.gamerescape.com/wiki/Disclosure	Disclosure
239	https://ffxiv.gamerescape.com/wiki/Divide_and_Conquer	Divide and Conquer
240	https://ffxiv.gamerescape.com/wiki/Divine_Intervention	Divine Intervention
241	https://ffxiv.gamerescape.com/wiki/Do_Angry_Pirates_Dream	Do Angry Pirates Dream
242	https://ffxiv.gamerescape.com/wiki/Don%27t_Look_Down	Don't Look Down
243	https://ffxiv.gamerescape.com/wiki/Double_Dealing	Double Dealing
244	https://ffxiv.gamerescape.com/wiki/Down_for_Maintenance	Down for Maintenance
245	https://ffxiv.gamerescape.com/wiki/Dread_Is_in_the_Air	Dread Is in the Air
246	https://ffxiv.gamerescape.com/wiki/Dreams_of_the_Lost	Dreams of the Lost
247	https://ffxiv.gamerescape.com/wiki/Dressed_for_Conquest	Dressed for Conquest
248	https://ffxiv.gamerescape.com/wiki/Dressed_to_Call	Dressed to Call
249	https://ffxiv.gamerescape.com/wiki/Dressed_to_Deceive	Dressed to Deceive
250	https://ffxiv.gamerescape.com/wiki/Drowning_Out_the_Voices	Drowning Out the Voices
251	https://ffxiv.gamerescape.com/wiki/Druthers_House_Rules	Druthers House Rules
252	https://ffxiv.gamerescape.com/wiki/Duty,_Honor,_Country	Duty, Honor, Country
253	https://ffxiv.gamerescape.com/wiki/Echoes_of_a_Fallen_Star	Echoes of a Fallen Star
254	https://ffxiv.gamerescape.com/wiki/Echoes_of_an_Echo	Echoes of an Echo
255	https://ffxiv.gamerescape.com/wiki/Eggs_over_Queasy	Eggs over Queasy
256	https://ffxiv.gamerescape.com/wiki/Elation_and_Trepidation	Elation and Trepidation
257	https://ffxiv.gamerescape.com/wiki/Emergent_Splendor	Emergent Splendor
258	https://ffxiv.gamerescape.com/wiki/Emissary_of_the_Dawn	Emissary of the Dawn
259	https://ffxiv.gamerescape.com/wiki/Endwalker	Endwalker
260	https://ffxiv.gamerescape.com/wiki/Escape_from_Castrum_Centri	Escape from Castrum Centri
261	https://ffxiv.gamerescape.com/wiki/Estate_Visitor	Estate Visitor
262	https://ffxiv.gamerescape.com/wiki/Etched_in_the_Stars	Etched in the Stars
263	https://ffxiv.gamerescape.com/wiki/Every_Little_Thing_She_Does_Is_Magitek	Every Little Thing She Does Is Magitek
264	https://ffxiv.gamerescape.com/wiki/Extinguishing_the_Last_Light	Extinguishing the Last Light
265	https://ffxiv.gamerescape.com/wiki/Eyes_on_Me	Eyes on Me
266	https://ffxiv.gamerescape.com/wiki/Eyes_on_the_Empire	Eyes on the Empire
267	https://ffxiv.gamerescape.com/wiki/Eyes_Unclouded	Eyes Unclouded
268	https://ffxiv.gamerescape.com/wiki/F//%CE%B5sh_Aban%CE%94on%E2%94%A8%CE%94	F//εsh AbanΔon┨Δ
269	https://ffxiv.gamerescape.com/wiki/Facing_the_Truth	Facing the Truth
270	https://ffxiv.gamerescape.com/wiki/Factual_Folklore	Factual Folklore
271	https://ffxiv.gamerescape.com/wiki/Faded_Memories	Faded Memories
272	https://ffxiv.gamerescape.com/wiki/Familiar_Faces	Familiar Faces
273	https://ffxiv.gamerescape.com/wiki/Feel_the_Burn	Feel the Burn
274	https://ffxiv.gamerescape.com/wiki/Feint_and_Strike	Feint and Strike
275	https://ffxiv.gamerescape.com/wiki/Festive_Endeavors	Festive Endeavors
276	https://ffxiv.gamerescape.com/wiki/Fetters_of_Lament	Fetters of Lament
277	https://ffxiv.gamerescape.com/wiki/Finding_Good_Help	Finding Good Help
278	https://ffxiv.gamerescape.com/wiki/Fire_and_Blood	Fire and Blood
279	https://ffxiv.gamerescape.com/wiki/Fire_in_the_Gloom	Fire in the Gloom
280	https://ffxiv.gamerescape.com/wiki/First_Blood	First Blood
281	https://ffxiv.gamerescape.com/wiki/First_Contact	First Contact
282	https://ffxiv.gamerescape.com/wiki/First_Impressions_(MSQ)	First Impressions (MSQ)
283	https://ffxiv.gamerescape.com/wiki/Flame_General_Affairs	Flame General Affairs
284	https://ffxiv.gamerescape.com/wiki/Fly_Free,_My_Pretty	Fly Free, My Pretty
285	https://ffxiv.gamerescape.com/wiki/Follow,_Wander,_Stumble,_Listen	Follow, Wander, Stumble, Listen
286	https://ffxiv.gamerescape.com/wiki/Following_Footfalls	Following Footfalls
287	https://ffxiv.gamerescape.com/wiki/Following_in_Her_Footprints	Following in Her Footprints
288	https://ffxiv.gamerescape.com/wiki/Following_the_Evidence	Following the Evidence
289	https://ffxiv.gamerescape.com/wiki/Food_for_the_Soul	Food for the Soul
290	https://ffxiv.gamerescape.com/wiki/Fool_Me_Twice	Fool Me Twice
291	https://ffxiv.gamerescape.com/wiki/Foot_in_the_Door	Foot in the Door
292	https://ffxiv.gamerescape.com/wiki/Footprints_in_the_Snow	Footprints in the Snow
293	https://ffxiv.gamerescape.com/wiki/For_Coin_and_Country	For Coin and Country
294	https://ffxiv.gamerescape.com/wiki/For_Love_of_the_Moon	For Love of the Moon
295	https://ffxiv.gamerescape.com/wiki/For_Thavnair_Bound	For Thavnair Bound
296	https://ffxiv.gamerescape.com/wiki/For_the_Children	For the Children
297	https://ffxiv.gamerescape.com/wiki/For_the_Greater_Good	For the Greater Good
298	https://ffxiv.gamerescape.com/wiki/For_the_Living_and_the_Dead	For the Living and the Dead
299	https://ffxiv.gamerescape.com/wiki/For_the_People	For the People
300	https://ffxiv.gamerescape.com/wiki/For_Those_We_Can_Yet_Save	For Those We Can Yet Save
301	https://ffxiv.gamerescape.com/wiki/For_Those_We_Have_Lost	For Those We Have Lost
302	https://ffxiv.gamerescape.com/wiki/For_Vengeance	For Vengeance
303	https://ffxiv.gamerescape.com/wiki/Forbidden_Knowledge	Forbidden Knowledge
304	https://ffxiv.gamerescape.com/wiki/Forest_Friend	Forest Friend
305	https://ffxiv.gamerescape.com/wiki/Forever_and_Ever_Apart	Forever and Ever Apart
306	https://ffxiv.gamerescape.com/wiki/Forge_Ahead	Forge Ahead
307	https://ffxiv.gamerescape.com/wiki/Forget_Us_Not	Forget Us Not
308	https://ffxiv.gamerescape.com/wiki/Fraying_Threads	Fraying Threads
309	https://ffxiv.gamerescape.com/wiki/Free_to_Sightsee	Free to Sightsee
310	https://ffxiv.gamerescape.com/wiki/Free_Trade	Free Trade
311	https://ffxiv.gamerescape.com/wiki/Friends_for_the_Road	Friends for the Road
312	https://ffxiv.gamerescape.com/wiki/Friends_Gathered	Friends Gathered
313	https://ffxiv.gamerescape.com/wiki/From_on_High	From on High
314	https://ffxiv.gamerescape.com/wiki/From_One_Heretic_to_Another	From One Heretic to Another
315	https://ffxiv.gamerescape.com/wiki/Fruits_of_Her_Labor	Fruits of Her Labor
316	https://ffxiv.gamerescape.com/wiki/Full_Steam_Ahead	Full Steam Ahead
317	https://ffxiv.gamerescape.com/wiki/Future_Rust,_Future_Dust	Future Rust, Future Dust
318	https://ffxiv.gamerescape.com/wiki/Futures_Rewritten	Futures Rewritten
319	https://ffxiv.gamerescape.com/wiki/Gateway_of_the_Gods	Gateway of the Gods
320	https://ffxiv.gamerescape.com/wiki/Getting_Even_with_Garlemald	Getting Even with Garlemald
321	https://ffxiv.gamerescape.com/wiki/Gifts_for_the_Outcasts	Gifts for the Outcasts
322	https://ffxiv.gamerescape.com/wiki/Give_a_Man_a_Drink	Give a Man a Drink
323	https://ffxiv.gamerescape.com/wiki/Give_It_to_Me_Raw	Give It to Me Raw
324	https://ffxiv.gamerescape.com/wiki/Glorified_Ratcatcher	Glorified Ratcatcher
325	https://ffxiv.gamerescape.com/wiki/Glory_to_the_Khagan	Glory to the Khagan
326	https://ffxiv.gamerescape.com/wiki/Gods_Revel,_Lands_Tremble	Gods Revel, Lands Tremble
327	https://ffxiv.gamerescape.com/wiki/Going_Underground	Going Underground
328	https://ffxiv.gamerescape.com/wiki/Golems_Begone	Golems Begone
329	https://ffxiv.gamerescape.com/wiki/Gone_Like_the_Morning_Dew	Gone Like the Morning Dew
330	https://ffxiv.gamerescape.com/wiki/Good_for_the_Soul	Good for the Soul
331	https://ffxiv.gamerescape.com/wiki/Good_Intentions	Good Intentions
332	https://ffxiv.gamerescape.com/wiki/Gosetsu_and_Tsuyu	Gosetsu and Tsuyu
333	https://ffxiv.gamerescape.com/wiki/Griffin,_Griffin_on_the_Wall	Griffin, Griffin on the Wall
334	https://ffxiv.gamerescape.com/wiki/Groping_in_the_Dark	Groping in the Dark
335	https://ffxiv.gamerescape.com/wiki/Guardian_of_Eorzea	Guardian of Eorzea
336	https://ffxiv.gamerescape.com/wiki/Hail_to_the_King,_Kupo	Hail to the King, Kupo
337	https://ffxiv.gamerescape.com/wiki/Hard_Country	Hard Country
338	https://ffxiv.gamerescape.com/wiki/Have_a_Heart	Have a Heart
339	https://ffxiv.gamerescape.com/wiki/He_Ain%27t_Heavy	He Ain't Heavy
340	https://ffxiv.gamerescape.com/wiki/He_Who_Waited_Behind	He Who Waited Behind
341	https://ffxiv.gamerescape.com/wiki/He_Who_Would_Not_Be_Denied	He Who Would Not Be Denied
342	https://ffxiv.gamerescape.com/wiki/Heart_of_Ice	Heart of Ice
343	https://ffxiv.gamerescape.com/wiki/Heart_of_the_Matter	Heart of the Matter
344	https://ffxiv.gamerescape.com/wiki/Hearts_on_Fire	Hearts on Fire
345	https://ffxiv.gamerescape.com/wiki/Heavens_Weep	Heavens Weep
346	https://ffxiv.gamerescape.com/wiki/Heavensward_(Quest)	Heavensward (Quest)
347	https://ffxiv.gamerescape.com/wiki/Heir_Today,_Gone_Tomorrow	Heir Today, Gone Tomorrow
348	https://ffxiv.gamerescape.com/wiki/Hello,_World	Hello, World
349	https://ffxiv.gamerescape.com/wiki/Hells_Open	Hells Open
350	https://ffxiv.gamerescape.com/wiki/Helping_Hands	Helping Hands
351	https://ffxiv.gamerescape.com/wiki/Helping_Horn	Helping Horn
352	https://ffxiv.gamerescape.com/wiki/Her_Children,_One_and_All	Her Children, One and All
353	https://ffxiv.gamerescape.com/wiki/Here_Be_Dragons	Here Be Dragons
354	https://ffxiv.gamerescape.com/wiki/Here_There_Be_Xaela	Here There Be Xaela
355	https://ffxiv.gamerescape.com/wiki/Heretical_Harassment	Heretical Harassment
356	https://ffxiv.gamerescape.com/wiki/Heroes_of_the_Hour	Heroes of the Hour
357	https://ffxiv.gamerescape.com/wiki/Heroic_Dreams	Heroic Dreams
358	https://ffxiv.gamerescape.com/wiki/High_Society	High Society
359	https://ffxiv.gamerescape.com/wiki/Highbridge_Times	Highbridge Times
360	https://ffxiv.gamerescape.com/wiki/His_Forgotten_Home	His Forgotten Home
361	https://ffxiv.gamerescape.com/wiki/His_Park_Materials	His Park Materials
362	https://ffxiv.gamerescape.com/wiki/History_Repeating	History Repeating
363	https://ffxiv.gamerescape.com/wiki/Hither_and_Yarns	Hither and Yarns
364	https://ffxiv.gamerescape.com/wiki/Hitting_the_Books	Hitting the Books
365	https://ffxiv.gamerescape.com/wiki/Homeward_Bound	Homeward Bound
366	https://ffxiv.gamerescape.com/wiki/Honorable_Heroes	Honorable Heroes
367	https://ffxiv.gamerescape.com/wiki/Hope_on_the_Waves	Hope on the Waves
368	https://ffxiv.gamerescape.com/wiki/Hope_Springs_Eternal	Hope Springs Eternal
369	https://ffxiv.gamerescape.com/wiki/Hope_Upon_a_Flower	Hope Upon a Flower
370	https://ffxiv.gamerescape.com/wiki/Hope%27s_Confluence	Hope's Confluence
371	https://ffxiv.gamerescape.com/wiki/Hour_of_Departure	Hour of Departure
372	https://ffxiv.gamerescape.com/wiki/House_of_Divinities	House of Divinities
373	https://ffxiv.gamerescape.com/wiki/How_Tataru_Got_Her_Groove_Back	How Tataru Got Her Groove Back
374	https://ffxiv.gamerescape.com/wiki/How_the_Mighty_Are_Fallen	How the Mighty Are Fallen
375	https://ffxiv.gamerescape.com/wiki/Hunger_in_the_Garden	Hunger in the Garden
376	https://ffxiv.gamerescape.com/wiki/Hungry_Hungry_Goobbues	Hungry Hungry Goobbues
377	https://ffxiv.gamerescape.com/wiki/Il_Mheg,_the_Faerie_Kingdom	Il Mheg, the Faerie Kingdom
378	https://ffxiv.gamerescape.com/wiki/Ill-weather_Friends	Ill-weather Friends
379	https://ffxiv.gamerescape.com/wiki/In_Crimson_It_Began	In Crimson It Began
380	https://ffxiv.gamerescape.com/wiki/In_Crimson_They_Walked	In Crimson They Walked
381	https://ffxiv.gamerescape.com/wiki/In_Darkness_the_Magatama_Dreams	In Darkness the Magatama Dreams
382	https://ffxiv.gamerescape.com/wiki/In_Flagrante_Delicto	In Flagrante Delicto
383	https://ffxiv.gamerescape.com/wiki/In_from_the_Cold	In from the Cold
384	https://ffxiv.gamerescape.com/wiki/In_Good_Faith	In Good Faith
385	https://ffxiv.gamerescape.com/wiki/In_His_Garden	In His Garden
386	https://ffxiv.gamerescape.com/wiki/In_Memory_of_Moenbryda	In Memory of Moenbryda
387	https://ffxiv.gamerescape.com/wiki/In_Mt._Gulg%27s_Shadow	In Mt. Gulg's Shadow
388	https://ffxiv.gamerescape.com/wiki/In_Node_We_Trust	In Node We Trust
389	https://ffxiv.gamerescape.com/wiki/In_Pursuit_of_the_Past	In Pursuit of the Past
390	https://ffxiv.gamerescape.com/wiki/In_Search_of_Alisaie	In Search of Alisaie
391	https://ffxiv.gamerescape.com/wiki/In_Search_of_Alphinaud	In Search of Alphinaud
392	https://ffxiv.gamerescape.com/wiki/In_Search_of_Azdaja	In Search of Azdaja
393	https://ffxiv.gamerescape.com/wiki/In_Search_of_Hermes	In Search of Hermes
394	https://ffxiv.gamerescape.com/wiki/In_Search_of_Iceheart	In Search of Iceheart
395	https://ffxiv.gamerescape.com/wiki/In_Search_of_Raubahn	In Search of Raubahn
396	https://ffxiv.gamerescape.com/wiki/In_Search_of_the_Soleil	In Search of the Soleil
397	https://ffxiv.gamerescape.com/wiki/In_Shadow%27s_Wake	In Shadow's Wake
398	https://ffxiv.gamerescape.com/wiki/In_Soroban_We_Trust	In Soroban We Trust
399	https://ffxiv.gamerescape.com/wiki/In_the_Company_of_Heroes	In the Company of Heroes
400	https://ffxiv.gamerescape.com/wiki/In_the_Dark_of_the_Tower	In the Dark of the Tower
401	https://ffxiv.gamerescape.com/wiki/In_the_Eye_of_the_Beholder	In the Eye of the Beholder
402	https://ffxiv.gamerescape.com/wiki/In_the_Eyes_of_Gods_and_Men	In the Eyes of Gods and Men
403	https://ffxiv.gamerescape.com/wiki/In_the_Footsteps_of_Bardam_the_Brave	In the Footsteps of Bardam the Brave
404	https://ffxiv.gamerescape.com/wiki/In_the_Grim_Darkness_of_the_Forest	In the Grim Darkness of the Forest
405	https://ffxiv.gamerescape.com/wiki/In_the_Name_of_the_Light	In the Name of the Light
406	https://ffxiv.gamerescape.com/wiki/Influencing_Inquisitors	Influencing Inquisitors
407	https://ffxiv.gamerescape.com/wiki/Into_a_Copper_Hell	Into a Copper Hell
408	https://ffxiv.gamerescape.com/wiki/Into_the_Aery	Into the Aery
409	https://ffxiv.gamerescape.com/wiki/Into_the_Beast%27s_Maw	Into the Beast's Maw
410	https://ffxiv.gamerescape.com/wiki/Into_the_Blue	Into the Blue
411	https://ffxiv.gamerescape.com/wiki/Into_the_Dark	Into the Dark
412	https://ffxiv.gamerescape.com/wiki/Into_the_Eye_of_the_Storm	Into the Eye of the Storm
413	https://ffxiv.gamerescape.com/wiki/Into_the_Heart_of_the_Whorl	Into the Heart of the Whorl
414	https://ffxiv.gamerescape.com/wiki/Into_the_Wood	Into the Wood
415	https://ffxiv.gamerescape.com/wiki/It_Was_a_Very_Good_Year	It Was a Very Good Year
416	https://ffxiv.gamerescape.com/wiki/It_Won%27t_Work	It Won't Work
417	https://ffxiv.gamerescape.com/wiki/It%27s_Possibly_a_Primal	It's Possibly a Primal
418	https://ffxiv.gamerescape.com/wiki/It%27s_Probably_a_Trap	It's Probably a Trap
419	https://ffxiv.gamerescape.com/wiki/It%27s_Probably_Not_Pirates	It's Probably Not Pirates
420	https://ffxiv.gamerescape.com/wiki/It%27s_Probably_Pirates	It's Probably Pirates
421	https://ffxiv.gamerescape.com/wiki/Just_Deserts	Just Deserts
422	https://ffxiv.gamerescape.com/wiki/Keeping_the_Flame_Alive	Keeping the Flame Alive
423	https://ffxiv.gamerescape.com/wiki/Killing_Him_Softly	Killing Him Softly
424	https://ffxiv.gamerescape.com/wiki/Kindled_Spirit	Kindled Spirit
425	https://ffxiv.gamerescape.com/wiki/King_of_the_Mountain	King of the Mountain
426	https://ffxiv.gamerescape.com/wiki/Knights_Be_Not_Proud	Knights Be Not Proud
427	https://ffxiv.gamerescape.com/wiki/Lady_of_the_Vortex	Lady of the Vortex
428	https://ffxiv.gamerescape.com/wiki/Last_Letter_to_Lost_Hope	Last Letter to Lost Hope
429	https://ffxiv.gamerescape.com/wiki/Laying_the_Foundation	Laying the Foundation
430	https://ffxiv.gamerescape.com/wiki/Leaving_Idyllshire	Leaving Idyllshire
431	https://ffxiv.gamerescape.com/wiki/Leaving_Moghome	Leaving Moghome
432	https://ffxiv.gamerescape.com/wiki/Legend_of_the_Not-so-hidden_Temple	Legend of the Not-so-hidden Temple
433	https://ffxiv.gamerescape.com/wiki/Leia%27s_Legacy	Leia's Legacy
434	https://ffxiv.gamerescape.com/wiki/Let_Fill_Your_Hearts_with_Pride	Let Fill Your Hearts with Pride
435	https://ffxiv.gamerescape.com/wiki/Let_Us_Cling_Together	Let Us Cling Together
436	https://ffxiv.gamerescape.com/wiki/Levin_an_Impression	Levin an Impression
437	https://ffxiv.gamerescape.com/wiki/Liberty_or_Death	Liberty or Death
438	https://ffxiv.gamerescape.com/wiki/Lies,_Damn_Lies,_and_Pirates	Lies, Damn Lies, and Pirates
439	https://ffxiv.gamerescape.com/wiki/Life_after_Doma	Life after Doma
440	https://ffxiv.gamerescape.com/wiki/Life,_Materia_and_Everything	Life, Materia and Everything
441	https://ffxiv.gamerescape.com/wiki/Like_Fine_Wine	Like Fine Wine
442	https://ffxiv.gamerescape.com/wiki/Like_Master,_Like_Pupil	Like Master, Like Pupil
443	https://ffxiv.gamerescape.com/wiki/Litany_of_Peace	Litany of Peace
444	https://ffxiv.gamerescape.com/wiki/Lives_Apart	Lives Apart
445	https://ffxiv.gamerescape.com/wiki/Loam_Maintenance	Loam Maintenance
446	https://ffxiv.gamerescape.com/wiki/Logistics_of_War	Logistics of War
447	https://ffxiv.gamerescape.com/wiki/Look_to_the_Stars	Look to the Stars
448	https://ffxiv.gamerescape.com/wiki/Lord_of_Crags	Lord of Crags
449	https://ffxiv.gamerescape.com/wiki/Lord_of_Levin	Lord of Levin
450	https://ffxiv.gamerescape.com/wiki/Lord_of_the_Hive	Lord of the Hive
451	https://ffxiv.gamerescape.com/wiki/Lord_of_the_Inferno	Lord of the Inferno
452	https://ffxiv.gamerescape.com/wiki/Lord_of_the_Whorl	Lord of the Whorl
453	https://ffxiv.gamerescape.com/wiki/Lost_but_Not_Forgotten	Lost but Not Forgotten
454	https://ffxiv.gamerescape.com/wiki/Lost_in_the_Lifestream	Lost in the Lifestream
455	https://ffxiv.gamerescape.com/wiki/Louisoix%27s_Finest_Student	Louisoix's Finest Student
456	https://ffxiv.gamerescape.com/wiki/Lurkers_in_the_Grotto	Lurkers in the Grotto
457	https://ffxiv.gamerescape.com/wiki/Lyse_Takes_the_Lead	Lyse Takes the Lead
458	https://ffxiv.gamerescape.com/wiki/Making_the_Catfish_Sing	Making the Catfish Sing
459	https://ffxiv.gamerescape.com/wiki/Mask_of_Grief	Mask of Grief
460	https://ffxiv.gamerescape.com/wiki/Matoya%27s_Cave	Matoya's Cave
461	https://ffxiv.gamerescape.com/wiki/Meet_the_Tholls	Meet the Tholls
462	https://ffxiv.gamerescape.com/wiki/Meeting_the_Neighbors	Meeting the Neighbors
463	https://ffxiv.gamerescape.com/wiki/Meeting_with_the_Resistance	Meeting with the Resistance
464	https://ffxiv.gamerescape.com/wiki/Memento_of_a_Friend	Memento of a Friend
465	https://ffxiv.gamerescape.com/wiki/Men_of_Honor	Men of Honor
466	https://ffxiv.gamerescape.com/wiki/Men_of_the_Blue_Tattoos	Men of the Blue Tattoos
467	https://ffxiv.gamerescape.com/wiki/Mi_Casa,_Toupasa	Mi Casa, Toupasa
468	https://ffxiv.gamerescape.com/wiki/Microbrewing	Microbrewing
469	https://ffxiv.gamerescape.com/wiki/Migrant_Marauders	Migrant Marauders
470	https://ffxiv.gamerescape.com/wiki/Moghan%27s_Trial	Moghan's Trial
471	https://ffxiv.gamerescape.com/wiki/Moglin%27s_Judgment	Moglin's Judgment
472	https://ffxiv.gamerescape.com/wiki/Mogmug%27s_Trial	Mogmug's Trial
473	https://ffxiv.gamerescape.com/wiki/Mogwin%27s_Trial	Mogwin's Trial
474	https://ffxiv.gamerescape.com/wiki/Monumental_Hopes	Monumental Hopes
475	https://ffxiv.gamerescape.com/wiki/More_than_a_Hunch	More than a Hunch
476	https://ffxiv.gamerescape.com/wiki/Mountaintop_Diplomacy	Mountaintop Diplomacy
477	https://ffxiv.gamerescape.com/wiki/Mourn_in_Passing	Mourn in Passing
478	https://ffxiv.gamerescape.com/wiki/Moving_Forward	Moving Forward
479	https://ffxiv.gamerescape.com/wiki/Moving_On	Moving On
480	https://ffxiv.gamerescape.com/wiki/Naadam	Naadam
481	https://ffxiv.gamerescape.com/wiki/Never_Forget	Never Forget
482	https://ffxiv.gamerescape.com/wiki/New_Winds,_Old_Friends	New Winds, Old Friends
483	https://ffxiv.gamerescape.com/wiki/Newfound_Adventure	Newfound Adventure
484	https://ffxiv.gamerescape.com/wiki/Nix_That	Nix That
485	https://ffxiv.gamerescape.com/wiki/No_Good_Deed	No Good Deed
486	https://ffxiv.gamerescape.com/wiki/No_Job_Too_Small	No Job Too Small
487	https://ffxiv.gamerescape.com/wiki/Noble_Indiscretions	Noble Indiscretions
488	https://ffxiv.gamerescape.com/wiki/Not_without_Incident	Not without Incident
489	https://ffxiv.gamerescape.com/wiki/Nothing_to_See_Here	Nothing to See Here
490	https://ffxiv.gamerescape.com/wiki/Nothing_Unsaid	Nothing Unsaid
491	https://ffxiv.gamerescape.com/wiki/Notorious_Biggs	Notorious Biggs
492	https://ffxiv.gamerescape.com/wiki/Nouveau_Riche	Nouveau Riche
493	https://ffxiv.gamerescape.com/wiki/Nowhere_to_Run	Nowhere to Run
494	https://ffxiv.gamerescape.com/wiki/Nowhere_to_Turn	Nowhere to Turn
495	https://ffxiv.gamerescape.com/wiki/Of_Kojin_and_Kami	Of Kojin and Kami
496	https://ffxiv.gamerescape.com/wiki/Oh_Captain,_My_Captain	Oh Captain, My Captain
497	https://ffxiv.gamerescape.com/wiki/Old_Enemies,_New_Threats	Old Enemies, New Threats
498	https://ffxiv.gamerescape.com/wiki/Old_Sharlayan,_New_to_You	Old Sharlayan, New to You
499	https://ffxiv.gamerescape.com/wiki/On_Burd%CE%B5ned_%CF%89ings	On Burdεned ωings
500	https://ffxiv.gamerescape.com/wiki/On_Low_Tide	On Low Tide
501	https://ffxiv.gamerescape.com/wiki/On_Official_Business	On Official Business
502	https://ffxiv.gamerescape.com/wiki/On_Rough_Seas	On Rough Seas
503	https://ffxiv.gamerescape.com/wiki/On_the_Counteroffensive	On the Counteroffensive
504	https://ffxiv.gamerescape.com/wiki/On_the_Eve_of_Destiny	On the Eve of Destiny
505	https://ffxiv.gamerescape.com/wiki/On_the_Properties_of_Primals	On the Properties of Primals
506	https://ffxiv.gamerescape.com/wiki/On_to_Bentbranch	On to Bentbranch
507	https://ffxiv.gamerescape.com/wiki/On_to_Little_Ala_Mhigo	On to Little Ala Mhigo
508	https://ffxiv.gamerescape.com/wiki/On_to_Summerford	On to Summerford
509	https://ffxiv.gamerescape.com/wiki/On_to_the_Drydocks	On to the Drydocks
510	https://ffxiv.gamerescape.com/wiki/On_Track	On Track
511	https://ffxiv.gamerescape.com/wiki/Once_Forged	Once Forged
512	https://ffxiv.gamerescape.com/wiki/Once_More_unto_the_Void	Once More unto the Void
513	https://ffxiv.gamerescape.com/wiki/Once_More,_a_Favor	Once More, a Favor
514	https://ffxiv.gamerescape.com/wiki/Once_More,_to_the_Ruby_Sea	Once More, to the Ruby Sea
515	https://ffxiv.gamerescape.com/wiki/One_Good_Turn	One Good Turn
516	https://ffxiv.gamerescape.com/wiki/One_Life_for_One_World	One Life for One World
517	https://ffxiv.gamerescape.com/wiki/Onward_to_Sharlayan	Onward to Sharlayan
518	https://ffxiv.gamerescape.com/wiki/Onwards_and_Upwards	Onwards and Upwards
519	https://ffxiv.gamerescape.com/wiki/Open_Arms,_Closed_Gate	Open Arms, Closed Gate
520	https://ffxiv.gamerescape.com/wiki/Open_Water	Open Water
521	https://ffxiv.gamerescape.com/wiki/Operation_Archon	Operation Archon
522	https://ffxiv.gamerescape.com/wiki/Oul_Sigun%27s_Plea	Oul Sigun's Plea
523	https://ffxiv.gamerescape.com/wiki/Out_of_House_and_Home	Out of House and Home
524	https://ffxiv.gamerescape.com/wiki/Out_of_the_Wood	Out of the Wood
525	https://ffxiv.gamerescape.com/wiki/Outside_Help	Outside Help
526	https://ffxiv.gamerescape.com/wiki/Over_the_Wall	Over the Wall
527	https://ffxiv.gamerescape.com/wiki/Paradise_Fallen	Paradise Fallen
528	https://ffxiv.gamerescape.com/wiki/Parley_on_the_Front_Lines	Parley on the Front Lines
529	https://ffxiv.gamerescape.com/wiki/Passing_Muster	Passing Muster
530	https://ffxiv.gamerescape.com/wiki/Passing_the_Blade	Passing the Blade
531	https://ffxiv.gamerescape.com/wiki/Path_of_No_Return	Path of No Return
532	https://ffxiv.gamerescape.com/wiki/Paths_Barred	Paths Barred
533	https://ffxiv.gamerescape.com/wiki/Personae_non_Gratae	Personae non Gratae
534	https://ffxiv.gamerescape.com/wiki/Petalouda_Hunt	Petalouda Hunt
535	https://ffxiv.gamerescape.com/wiki/Plowshares_to_Swords	Plowshares to Swords
536	https://ffxiv.gamerescape.com/wiki/Ponder,_Warrant,_Cherish,_Welcome	Ponder, Warrant, Cherish, Welcome
537	https://ffxiv.gamerescape.com/wiki/Power_of_Deduction	Power of Deduction
538	https://ffxiv.gamerescape.com/wiki/Prelude_in_Violet	Prelude in Violet
539	https://ffxiv.gamerescape.com/wiki/Presence_of_the_Enemy	Presence of the Enemy
540	https://ffxiv.gamerescape.com/wiki/Promises_Kept	Promises Kept
541	https://ffxiv.gamerescape.com/wiki/Promises_to_Keep	Promises to Keep
542	https://ffxiv.gamerescape.com/wiki/Prudence_at_This_Junction	Prudence at This Junction
543	https://ffxiv.gamerescape.com/wiki/Purple_Flame,_Purple_Flame	Purple Flame, Purple Flame
544	https://ffxiv.gamerescape.com/wiki/Put_to_the_Proof	Put to the Proof
545	https://ffxiv.gamerescape.com/wiki/Raubahn%27s_Invitation	Raubahn's Invitation
546	https://ffxiv.gamerescape.com/wiki/Ready_to_Fly	Ready to Fly
547	https://ffxiv.gamerescape.com/wiki/Reap_the_Whirlwind	Reap the Whirlwind
548	https://ffxiv.gamerescape.com/wiki/Reassuring_the_Masses	Reassuring the Masses
549	https://ffxiv.gamerescape.com/wiki/Reclamation	Reclamation
550	https://ffxiv.gamerescape.com/wiki/Reconnaissance_Lost	Reconnaissance Lost
551	https://ffxiv.gamerescape.com/wiki/Recruiting_the_Realm	Recruiting the Realm
552	https://ffxiv.gamerescape.com/wiki/Reflections_in_Crystal	Reflections in Crystal
553	https://ffxiv.gamerescape.com/wiki/Relighting_the_Torch	Relighting the Torch
554	https://ffxiv.gamerescape.com/wiki/Renewing_the_Covenant	Renewing the Covenant
555	https://ffxiv.gamerescape.com/wiki/Representing_the_Representative	Representing the Representative
556	https://ffxiv.gamerescape.com/wiki/Restricted_Reading	Restricted Reading
557	https://ffxiv.gamerescape.com/wiki/Return_from_the_Void	Return from the Void
558	https://ffxiv.gamerescape.com/wiki/Return_of_the_Bull	Return of the Bull
559	https://ffxiv.gamerescape.com/wiki/Return_to_Eulmore	Return to Eulmore
560	https://ffxiv.gamerescape.com/wiki/Return_to_the_Crystarium	Return to the Crystarium
561	https://ffxiv.gamerescape.com/wiki/Returning_Home	Returning Home
562	https://ffxiv.gamerescape.com/wiki/Reviving_the_Legacy	Reviving the Legacy
563	https://ffxiv.gamerescape.com/wiki/Revolution	Revolution
564	https://ffxiv.gamerescape.com/wiki/Rhalgr%27s_Beacon	Rhalgr's Beacon
565	https://ffxiv.gamerescape.com/wiki/Rich_Veins_of_Hope	Rich Veins of Hope
566	https://ffxiv.gamerescape.com/wiki/Righteous_Indignation	Righteous Indignation
567	https://ffxiv.gamerescape.com/wiki/Righting_the_Shipwright	Righting the Shipwright
568	https://ffxiv.gamerescape.com/wiki/Rise_of_a_New_Sun	Rise of a New Sun
569	https://ffxiv.gamerescape.com/wiki/Rising_Fortunes,_Rising_Spirits	Rising Fortunes, Rising Spirits
570	https://ffxiv.gamerescape.com/wiki/Road_to_Redemption	Road to Redemption
571	https://ffxiv.gamerescape.com/wiki/Roads_P%CE%B1ved%E2%94%82%E2%94%82Sacri%E2%94%A3ice	Roads Pαved││Sacri┣ice
572	https://ffxiv.gamerescape.com/wiki/Rock_of_Rancor	Rock of Rancor
573	https://ffxiv.gamerescape.com/wiki/Rock_the_Castrum	Rock the Castrum
574	https://ffxiv.gamerescape.com/wiki/Rust_and_Ruin	Rust and Ruin
575	https://ffxiv.gamerescape.com/wiki/Sage_Council	Sage Council
576	https://ffxiv.gamerescape.com/wiki/Salvaging_the_Scene	Salvaging the Scene
577	https://ffxiv.gamerescape.com/wiki/Saying_Good-bye	Saying Good-bye
578	https://ffxiv.gamerescape.com/wiki/Scouts_in_Distress	Scouts in Distress
579	https://ffxiv.gamerescape.com/wiki/Sea_of_Sorrow	Sea of Sorrow
580	https://ffxiv.gamerescape.com/wiki/Sealed_with_Science	Sealed with Science
581	https://ffxiv.gamerescape.com/wiki/Secret_of_the_White_Lily	Secret of the White Lily
582	https://ffxiv.gamerescape.com/wiki/Secrets_and_Lies	Secrets and Lies
583	https://ffxiv.gamerescape.com/wiki/Securing_the_Saltery	Securing the Saltery
584	https://ffxiv.gamerescape.com/wiki/Seeds_of_Despair	Seeds of Despair
585	https://ffxiv.gamerescape.com/wiki/Seeing_Eye_to_Winged_Eye	Seeing Eye to Winged Eye
586	https://ffxiv.gamerescape.com/wiki/Seeking_Counsel	Seeking Counsel
587	https://ffxiv.gamerescape.com/wiki/Seiryu%27s_Wall	Seiryu's Wall
588	https://ffxiv.gamerescape.com/wiki/Sense_of_Urgency	Sense of Urgency
589	https://ffxiv.gamerescape.com/wiki/Setting_Things_Straight	Setting Things Straight
590	https://ffxiv.gamerescape.com/wiki/Shadow_of_Darkness	Shadow of Darkness
591	https://ffxiv.gamerescape.com/wiki/Shadowbringers	Shadowbringers
592	https://ffxiv.gamerescape.com/wiki/Shadowed_Footsteps	Shadowed Footsteps
593	https://ffxiv.gamerescape.com/wiki/Shadowed_Remnants	Shadowed Remnants
594	https://ffxiv.gamerescape.com/wiki/Shadows_in_the_Empire	Shadows in the Empire
595	https://ffxiv.gamerescape.com/wiki/Shadows_of_the_First	Shadows of the First
596	https://ffxiv.gamerescape.com/wiki/Shaken_Resolve	Shaken Resolve
597	https://ffxiv.gamerescape.com/wiki/Sharing_the_Wealth	Sharing the Wealth
598	https://ffxiv.gamerescape.com/wiki/Shock_and_Awe	Shock and Awe
599	https://ffxiv.gamerescape.com/wiki/Signed,_Sealed,_to_Be_Delivered	Signed, Sealed, to Be Delivered
600	https://ffxiv.gamerescape.com/wiki/Simple_Pleasures	Simple Pleasures
601	https://ffxiv.gamerescape.com/wiki/Sisterly_Act	Sisterly Act
602	https://ffxiv.gamerescape.com/wiki/Skeletons_in_Her_Closet	Skeletons in Her Closet
603	https://ffxiv.gamerescape.com/wiki/Skies_Aflame	Skies Aflame
604	https://ffxiv.gamerescape.com/wiki/Sky-high	Sky-high
605	https://ffxiv.gamerescape.com/wiki/Small_Favors	Small Favors
606	https://ffxiv.gamerescape.com/wiki/Soul_Searching	Soul Searching
607	https://ffxiv.gamerescape.com/wiki/Sound_the_Bell,_School%27s_In	Sound the Bell, School's In
608	https://ffxiv.gamerescape.com/wiki/Sounding_Out_the_Amphitheatre	Sounding Out the Amphitheatre
609	https://ffxiv.gamerescape.com/wiki/Spirited_Away	Spirited Away
610	https://ffxiv.gamerescape.com/wiki/Spirithold_Broken	Spirithold Broken
611	https://ffxiv.gamerescape.com/wiki/Spore_Sweeper	Spore Sweeper
612	https://ffxiv.gamerescape.com/wiki/Stars_in_the_Dark	Stars in the Dark
613	https://ffxiv.gamerescape.com/wiki/Staunch_Conviction	Staunch Conviction
614	https://ffxiv.gamerescape.com/wiki/Step_Nine	Step Nine
615	https://ffxiv.gamerescape.com/wiki/Still_Waters	Still Waters
616	https://ffxiv.gamerescape.com/wiki/Stirring_up_Trouble	Stirring up Trouble
617	https://ffxiv.gamerescape.com/wiki/Stirring_Up_Trouble	Stirring Up Trouble
618	https://ffxiv.gamerescape.com/wiki/Stories_We_Tell	Stories We Tell
619	https://ffxiv.gamerescape.com/wiki/Storm_on_the_Horizon	Storm on the Horizon
620	https://ffxiv.gamerescape.com/wiki/Stormblood_(Quest)	Stormblood (Quest)
621	https://ffxiv.gamerescape.com/wiki/Storms_on_the_Horizon	Storms on the Horizon
622	https://ffxiv.gamerescape.com/wiki/Strange_Bedfellows	Strange Bedfellows
623	https://ffxiv.gamerescape.com/wiki/Strength_in_Unity	Strength in Unity
624	https://ffxiv.gamerescape.com/wiki/Strong_and_Unified	Strong and Unified
625	https://ffxiv.gamerescape.com/wiki/Styled_a_Hero	Styled a Hero
626	https://ffxiv.gamerescape.com/wiki/Sul_Uin%27s_Request	Sul Uin's Request
627	https://ffxiv.gamerescape.com/wiki/Supply_and_Demands	Supply and Demands
628	https://ffxiv.gamerescape.com/wiki/Surveying_the_Damage	Surveying the Damage
629	https://ffxiv.gamerescape.com/wiki/Sweet_Somethings	Sweet Somethings
630	https://ffxiv.gamerescape.com/wiki/Sworn_Enemies_of_the_Sun	Sworn Enemies of the Sun
631	https://ffxiv.gamerescape.com/wiki/Sylph-management	Sylph-management
632	https://ffxiv.gamerescape.com/wiki/Sylphic_Studies	Sylphic Studies
633	https://ffxiv.gamerescape.com/wiki/Sylphish_Concerns	Sylphish Concerns
634	https://ffxiv.gamerescape.com/wiki/Systematic_Exploration	Systematic Exploration
635	https://ffxiv.gamerescape.com/wiki/Takin%27_What_They%27re_Givin%27	Takin' What They're Givin'
636	https://ffxiv.gamerescape.com/wiki/Taking_in_the_Sights	Taking in the Sights
637	https://ffxiv.gamerescape.com/wiki/Tales_from_the_Far_East	Tales from the Far East
638	https://ffxiv.gamerescape.com/wiki/Tales_from_the_Tidus_Slayer	Tales from the Tidus Slayer
639	https://ffxiv.gamerescape.com/wiki/Tataru%27s_Surprise	Tataru's Surprise
640	https://ffxiv.gamerescape.com/wiki/Tea_for_Three	Tea for Three
641	https://ffxiv.gamerescape.com/wiki/Tears_on_the_Sand	Tears on the Sand
642	https://ffxiv.gamerescape.com/wiki/Tendrils_of_Intrigue	Tendrils of Intrigue
643	https://ffxiv.gamerescape.com/wiki/Terror_at_Fallgourd	Terror at Fallgourd
644	https://ffxiv.gamerescape.com/wiki/Thanks_a_Million	Thanks a Million
645	https://ffxiv.gamerescape.com/wiki/That_None_Shall_Ever_Again	That None Shall Ever Again
646	https://ffxiv.gamerescape.com/wiki/That_We_Might_Live	That We Might Live
647	https://ffxiv.gamerescape.com/wiki/That_Weight	That Weight
648	https://ffxiv.gamerescape.com/wiki/The_Admiral%27s_Resolve	The Admiral's Resolve
649	https://ffxiv.gamerescape.com/wiki/The_Aftermath	The Aftermath
650	https://ffxiv.gamerescape.com/wiki/The_Arrows_of_Misfortune	The Arrows of Misfortune
651	https://ffxiv.gamerescape.com/wiki/The_Bear_and_the_Young%27uns%27_Cares	The Bear and the Young'uns' Cares
652	https://ffxiv.gamerescape.com/wiki/The_Beast_That_Mourned_at_the_Heart_of_the_Mountain	The Beast That Mourned at the Heart of the Mountain
653	https://ffxiv.gamerescape.com/wiki/The_Best_Inventions	The Best Inventions
654	https://ffxiv.gamerescape.com/wiki/The_Best_Way_Out	The Best Way Out
655	https://ffxiv.gamerescape.com/wiki/The_Better_Half	The Better Half
656	https://ffxiv.gamerescape.com/wiki/The_Black_Wolf%27s_Pups	The Black Wolf's Pups
657	https://ffxiv.gamerescape.com/wiki/The_Black_Wolf%27s_Ultimatum	The Black Wolf's Ultimatum
658	https://ffxiv.gamerescape.com/wiki/The_Blasphemy_Unmasked	The Blasphemy Unmasked
659	https://ffxiv.gamerescape.com/wiki/The_Burden_of_Knowledge	The Burden of Knowledge
660	https://ffxiv.gamerescape.com/wiki/The_Butcher%27s_Blood	The Butcher's Blood
661	https://ffxiv.gamerescape.com/wiki/The_Call	The Call
662	https://ffxiv.gamerescape.com/wiki/The_Children_of_Azim	The Children of Azim
663	https://ffxiv.gamerescape.com/wiki/The_Color_of_Angry_Qiqirn	The Color of Angry Qiqirn
664	https://ffxiv.gamerescape.com/wiki/The_Color_of_Joy	The Color of Joy
665	https://ffxiv.gamerescape.com/wiki/The_Company_We_Keep	The Company We Keep
666	https://ffxiv.gamerescape.com/wiki/The_Company_You_Keep_(Immortal_Flames)	The Company You Keep (Immortal Flames)
667	https://ffxiv.gamerescape.com/wiki/The_Company_You_Keep_(Maelstrom)	The Company You Keep (Maelstrom)
668	https://ffxiv.gamerescape.com/wiki/The_Company_You_Keep_(Twin_Adder)	The Company You Keep (Twin Adder)
669	https://ffxiv.gamerescape.com/wiki/The_Converging_Light	The Converging Light
670	https://ffxiv.gamerescape.com/wiki/The_Crystarium%27s_Resolve	The Crystarium's Resolve
671	https://ffxiv.gamerescape.com/wiki/The_Curious_Case_of_Giggity	The Curious Case of Giggity
672	https://ffxiv.gamerescape.com/wiki/The_Darkness_Below	The Darkness Below
673	https://ffxiv.gamerescape.com/wiki/The_Die_Is_Cast	The Die Is Cast
674	https://ffxiv.gamerescape.com/wiki/The_Doma_Within	The Doma Within
675	https://ffxiv.gamerescape.com/wiki/The_Duergar%27s_Tewel	The Duergar's Tewel
676	https://ffxiv.gamerescape.com/wiki/The_Elder%27s_Answer	The Elder's Answer
677	https://ffxiv.gamerescape.com/wiki/The_End_of_a_World	The End of a World
678	https://ffxiv.gamerescape.com/wiki/The_Face_of_War	The Face of War
679	https://ffxiv.gamerescape.com/wiki/The_Far_Edge_of_Fate	The Far Edge of Fate
680	https://ffxiv.gamerescape.com/wiki/The_Final_Flight_of_the_Enterprise	The Final Flight of the Enterprise
681	https://ffxiv.gamerescape.com/wiki/The_Fires_Fade	The Fires Fade
682	https://ffxiv.gamerescape.com/wiki/The_First_and_Foremost	The First and Foremost
683	https://ffxiv.gamerescape.com/wiki/The_First_Flight_of_the_Excelsior	The First Flight of the Excelsior
684	https://ffxiv.gamerescape.com/wiki/The_First_of_Many	The First of Many
685	https://ffxiv.gamerescape.com/wiki/The_Flames_of_War	The Flames of War
686	https://ffxiv.gamerescape.com/wiki/The_Fortunes_of_War	The Fortunes of War
687	https://ffxiv.gamerescape.com/wiki/The_Full_Report,_Warts_and_All	The Full Report, Warts and All
688	https://ffxiv.gamerescape.com/wiki/The_Gift_of_Eternity	The Gift of Eternity
689	https://ffxiv.gamerescape.com/wiki/The_Gifted	The Gifted
690	https://ffxiv.gamerescape.com/wiki/The_Great_Divide	The Great Divide
691	https://ffxiv.gamerescape.com/wiki/The_Great_Ship_Vylbrand	The Great Ship Vylbrand
692	https://ffxiv.gamerescape.com/wiki/The_Great_Work	The Great Work
693	https://ffxiv.gamerescape.com/wiki/The_Greater_Obeisance	The Greater Obeisance
694	https://ffxiv.gamerescape.com/wiki/The_Gridanian_Envoy	The Gridanian Envoy
695	https://ffxiv.gamerescape.com/wiki/The_Heart_of_Nations	The Heart of Nations
696	https://ffxiv.gamerescape.com/wiki/The_Heretic_among_Us	The Heretic among Us
697	https://ffxiv.gamerescape.com/wiki/The_Hour_of_Reckoning	The Hour of Reckoning
698	https://ffxiv.gamerescape.com/wiki/The_Illuminated_Land	The Illuminated Land
699	https://ffxiv.gamerescape.com/wiki/The_Instruments_of_Our_Deliverance	The Instruments of Our Deliverance
700	https://ffxiv.gamerescape.com/wiki/The_Intercession_of_Saints	The Intercession of Saints
701	https://ffxiv.gamerescape.com/wiki/The_Jewel_of_Thavnair	The Jewel of Thavnair
702	https://ffxiv.gamerescape.com/wiki/The_Journey_Continues	The Journey Continues
703	https://ffxiv.gamerescape.com/wiki/The_Key_to_the_Castle	The Key to the Castle
704	https://ffxiv.gamerescape.com/wiki/The_Key_to_Victory	The Key to Victory
705	https://ffxiv.gamerescape.com/wiki/The_Labors_of_Magnai	The Labors of Magnai
706	https://ffxiv.gamerescape.com/wiki/The_Ladder	The Ladder
707	https://ffxiv.gamerescape.com/wiki/The_Lady_in_Red	The Lady in Red
708	https://ffxiv.gamerescape.com/wiki/The_Lady_of_Bliss	The Lady of Bliss
709	https://ffxiv.gamerescape.com/wiki/The_Last_Bastion	The Last Bastion
710	https://ffxiv.gamerescape.com/wiki/The_Last_Voyage	The Last Voyage
711	https://ffxiv.gamerescape.com/wiki/The_Lawless_Ones	The Lawless Ones
712	https://ffxiv.gamerescape.com/wiki/The_Least_among_Us	The Least among Us
713	https://ffxiv.gamerescape.com/wiki/The_Legacy_of_Our_Fathers	The Legacy of Our Fathers
714	https://ffxiv.gamerescape.com/wiki/The_Light_of_Inspiration	The Light of Inspiration
715	https://ffxiv.gamerescape.com/wiki/The_Lightwardens	The Lightwardens
716	https://ffxiv.gamerescape.com/wiki/The_Limits_of_Our_Endurance	The Limits of Our Endurance
717	https://ffxiv.gamerescape.com/wiki/The_Lominsan_Envoy	The Lominsan Envoy
718	https://ffxiv.gamerescape.com/wiki/The_Lominsan_Way	The Lominsan Way
719	https://ffxiv.gamerescape.com/wiki/The_Lord_of_the_Revel	The Lord of the Revel
720	https://ffxiv.gamerescape.com/wiki/The_Lure_of_the_Dream	The Lure of the Dream
721	https://ffxiv.gamerescape.com/wiki/The_Mad_King%27s_Trove	The Mad King's Trove
722	https://ffxiv.gamerescape.com/wiki/The_Man_from_Ul%27dah	The Man from Ul'dah
723	https://ffxiv.gamerescape.com/wiki/The_Man_Within	The Man Within
724	https://ffxiv.gamerescape.com/wiki/The_Martyr	The Martyr
725	https://ffxiv.gamerescape.com/wiki/The_Measure_of_His_Reach	The Measure of His Reach
726	https://ffxiv.gamerescape.com/wiki/The_Medial_Circuit	The Medial Circuit
727	https://ffxiv.gamerescape.com/wiki/The_Mother_of_Exiles	The Mother of Exiles
728	https://ffxiv.gamerescape.com/wiki/The_Next_Ship_to_Sail	The Next Ship to Sail
729	https://ffxiv.gamerescape.com/wiki/The_Nonmind	The Nonmind
730	https://ffxiv.gamerescape.com/wiki/The_Obvious_Solution	The Obvious Solution
731	https://ffxiv.gamerescape.com/wiki/The_Ones_We_Leave_Behind	The Ones We Leave Behind
732	https://ffxiv.gamerescape.com/wiki/The_Oracle_of_Light	The Oracle of Light
733	https://ffxiv.gamerescape.com/wiki/The_Parting_Glass	The Parting Glass
734	https://ffxiv.gamerescape.com/wiki/The_Path_Forward	The Path Forward
735	https://ffxiv.gamerescape.com/wiki/The_Path_of_the_Righteous	The Path of the Righteous
736	https://ffxiv.gamerescape.com/wiki/The_Perfect_Prey	The Perfect Prey
737	https://ffxiv.gamerescape.com/wiki/The_Perfect_Swarm	The Perfect Swarm
738	https://ffxiv.gamerescape.com/wiki/The_Price_of_Freedom	The Price of Freedom
739	https://ffxiv.gamerescape.com/wiki/The_Price_of_Principles	The Price of Principles
740	https://ffxiv.gamerescape.com/wiki/The_Primary_Agreement	The Primary Agreement
741	https://ffxiv.gamerescape.com/wiki/The_Prodigal_Daughter	The Prodigal Daughter
742	https://ffxiv.gamerescape.com/wiki/The_Promise_of_a_New_Beginning	The Promise of a New Beginning
743	https://ffxiv.gamerescape.com/wiki/The_Reason_Roaille	The Reason Roaille
744	https://ffxiv.gamerescape.com/wiki/The_Reluctant_Researcher	The Reluctant Researcher
745	https://ffxiv.gamerescape.com/wiki/The_Resonant	The Resonant
746	https://ffxiv.gamerescape.com/wiki/The_Rising_Chorus	The Rising Chorus
747	https://ffxiv.gamerescape.com/wiki/The_Road_Home	The Road Home
748	https://ffxiv.gamerescape.com/wiki/The_Road_Less_Traveled	The Road Less Traveled
749	https://ffxiv.gamerescape.com/wiki/The_Road_to_Zenith	The Road to Zenith
750	https://ffxiv.gamerescape.com/wiki/The_Room_Where_It_Happened	The Room Where It Happened
751	https://ffxiv.gamerescape.com/wiki/The_Rose_and_the_Unicorn	The Rose and the Unicorn
752	https://ffxiv.gamerescape.com/wiki/The_Satrap_of_Radz-at-Han	The Satrap of Radz-at-Han
753	https://ffxiv.gamerescape.com/wiki/The_Scions_of_the_Seventh_Dawn	The Scions of the Seventh Dawn
754	https://ffxiv.gamerescape.com/wiki/The_Sea_Rises	The Sea Rises
755	https://ffxiv.gamerescape.com/wiki/The_Search_for_Lord_Hien	The Search for Lord Hien
756	https://ffxiv.gamerescape.com/wiki/The_Search_for_Sicard	The Search for Sicard
757	https://ffxiv.gamerescape.com/wiki/The_Silence_of_the_Gods	The Silence of the Gods
758	https://ffxiv.gamerescape.com/wiki/The_Sins_of_Antiquity	The Sins of Antiquity
759	https://ffxiv.gamerescape.com/wiki/The_Solace_of_the_Sea	The Solace of the Sea
760	https://ffxiv.gamerescape.com/wiki/The_Song_Begins	The Song Begins
761	https://ffxiv.gamerescape.com/wiki/The_Spice_of_Life	The Spice of Life
762	https://ffxiv.gamerescape.com/wiki/The_Steps_of_Faith_(Quest)	The Steps of Faith (Quest)
763	https://ffxiv.gamerescape.com/wiki/The_Stubborn_Remainder	The Stubborn Remainder
764	https://ffxiv.gamerescape.com/wiki/The_Sword_in_the_Store	The Sword in the Store
765	https://ffxiv.gamerescape.com/wiki/The_Syrcus_Trench	The Syrcus Trench
766	https://ffxiv.gamerescape.com/wiki/The_Talk_of_Coerthas	The Talk of Coerthas
767	https://ffxiv.gamerescape.com/wiki/The_Things_We_Do_for_Cheese	The Things We Do for Cheese
768	https://ffxiv.gamerescape.com/wiki/The_Time_between_the_Seconds	The Time between the Seconds
769	https://ffxiv.gamerescape.com/wiki/The_Time_Left_to_Us	The Time Left to Us
770	https://ffxiv.gamerescape.com/wiki/The_Trine_Towers	The Trine Towers
771	https://ffxiv.gamerescape.com/wiki/The_Trolley_Problem	The Trolley Problem
772	https://ffxiv.gamerescape.com/wiki/The_Truth_Hurts	The Truth Hurts
773	https://ffxiv.gamerescape.com/wiki/The_Ul%27dahn_Envoy	The Ul'dahn Envoy
774	https://ffxiv.gamerescape.com/wiki/The_Ultimate_Weapon	The Ultimate Weapon
775	https://ffxiv.gamerescape.com/wiki/The_Unbroken_Thread	The Unbroken Thread
776	https://ffxiv.gamerescape.com/wiki/The_Undying_Ones	The Undying Ones
777	https://ffxiv.gamerescape.com/wiki/The_Unending_War	The Unending War
778	https://ffxiv.gamerescape.com/wiki/The_View_from_Above	The View from Above
779	https://ffxiv.gamerescape.com/wiki/The_Way_Home	The Way Home
780	https://ffxiv.gamerescape.com/wiki/The_Wheel_Turns	The Wheel Turns
781	https://ffxiv.gamerescape.com/wiki/The_Whims_of_the_Divine	The Whims of the Divine
782	https://ffxiv.gamerescape.com/wiki/The_Will_of_the_Moon	The Will of the Moon
783	https://ffxiv.gamerescape.com/wiki/The_Will_to_Live	The Will to Live
784	https://ffxiv.gamerescape.com/wiki/The_Wind_Rises	The Wind Rises
785	https://ffxiv.gamerescape.com/wiki/The_Wisdom_of_Allag	The Wisdom of Allag
786	https://ffxiv.gamerescape.com/wiki/The_Word_of_the_Mother	The Word of the Mother
787	https://ffxiv.gamerescape.com/wiki/The_World_Turned_Upside_Down	The World Turned Upside Down
788	https://ffxiv.gamerescape.com/wiki/The_Wyrm%27s_Lair	The Wyrm's Lair
789	https://ffxiv.gamerescape.com/wiki/The_Wyrm%27s_Roar	The Wyrm's Roar
790	https://ffxiv.gamerescape.com/wiki/Their_Greatest_Contribution	Their Greatest Contribution
791	https://ffxiv.gamerescape.com/wiki/There_and_Back_Again	There and Back Again
792	https://ffxiv.gamerescape.com/wiki/This_War_of_Ours	This War of Ours
793	https://ffxiv.gamerescape.com/wiki/Thou_Must_Live,_Die,_and_Know	Thou Must Live, Die, and Know
794	https://ffxiv.gamerescape.com/wiki/Threat_Level_Elevated	Threat Level Elevated
795	https://ffxiv.gamerescape.com/wiki/Three_for_Three	Three for Three
796	https://ffxiv.gamerescape.com/wiki/Through_the_Maelstrom	Through the Maelstrom
797	https://ffxiv.gamerescape.com/wiki/Tide_Goes_in,_Imperials_Go_Out	Tide Goes in, Imperials Go Out
798	https://ffxiv.gamerescape.com/wiki/Tidings_from_Gyr_Abania	Tidings from Gyr Abania
799	https://ffxiv.gamerescape.com/wiki/Tidings_from_the_East	Tidings from the East
800	https://ffxiv.gamerescape.com/wiki/Till_Sea_Swallows_All	Till Sea Swallows All
801	https://ffxiv.gamerescape.com/wiki/Tipping_the_Scale	Tipping the Scale
802	https://ffxiv.gamerescape.com/wiki/To_Bend_with_the_Wind	To Bend with the Wind
803	https://ffxiv.gamerescape.com/wiki/To_Guard_a_Guardian	To Guard a Guardian
804	https://ffxiv.gamerescape.com/wiki/To_Siege_or_Not_to_Siege	To Siege or Not to Siege
805	https://ffxiv.gamerescape.com/wiki/To_Storm-tossed_Seas	To Storm-tossed Seas
806	https://ffxiv.gamerescape.com/wiki/To_the_Bannock	To the Bannock
807	https://ffxiv.gamerescape.com/wiki/Token_of_Faith	Token of Faith
808	https://ffxiv.gamerescape.com/wiki/Top_of_the_Tree	Top of the Tree
809	https://ffxiv.gamerescape.com/wiki/Tracks_in_the_Snow	Tracks in the Snow
810	https://ffxiv.gamerescape.com/wiki/Traitor_in_the_Midst	Traitor in the Midst
811	https://ffxiv.gamerescape.com/wiki/Travelers_at_the_Crossroads	Travelers at the Crossroads
812	https://ffxiv.gamerescape.com/wiki/Travelers_of_Norvrandt	Travelers of Norvrandt
813	https://ffxiv.gamerescape.com/wiki/Trial_by_Turtle	Trial by Turtle
814	https://ffxiv.gamerescape.com/wiki/Two_Sides_of_a_Coin	Two Sides of a Coin
815	https://ffxiv.gamerescape.com/wiki/Under_His_Wing	Under His Wing
816	https://ffxiv.gamerescape.com/wiki/Under_the_Moonlight	Under the Moonlight
817	https://ffxiv.gamerescape.com/wiki/Under_the_Sea	Under the Sea
818	https://ffxiv.gamerescape.com/wiki/Underneath_the_Sultantree	Underneath the Sultantree
819	https://ffxiv.gamerescape.com/wiki/Unlikely_Allies	Unlikely Allies
820	https://ffxiv.gamerescape.com/wiki/Unrest_in_Ishgard	Unrest in Ishgard
821	https://ffxiv.gamerescape.com/wiki/Unsolved_Mystery	Unsolved Mystery
822	https://ffxiv.gamerescape.com/wiki/Unto_the_Breach	Unto the Breach
823	https://ffxiv.gamerescape.com/wiki/Unto_the_Heavens	Unto the Heavens
824	https://ffxiv.gamerescape.com/wiki/Unto_the_Morrow	Unto the Morrow
825	https://ffxiv.gamerescape.com/wiki/Unto_the_Truth	Unto the Truth
826	https://ffxiv.gamerescape.com/wiki/Upon_the_Great_Loch%27s_Shore	Upon the Great Loch's Shore
827	https://ffxiv.gamerescape.com/wiki/Verdict_and_Execution	Verdict and Execution
828	https://ffxiv.gamerescape.com/wiki/Victory_in_Peril	Victory in Peril
829	https://ffxiv.gamerescape.com/wiki/Vic%E2%94%A8%CE%BFry_%CC%88_%CC%88_%CC%88%E2%95%B3,_%E2%94%82%CC%86%E2%94%82%E2%94%82%CE%B5_Lost	Vic┨οry ̈ ̈ ̈╳, │̆││ε Lost
830	https://ffxiv.gamerescape.com/wiki/Void_Theory	Void Theory
831	https://ffxiv.gamerescape.com/wiki/Volunteer_Dragonslayers	Volunteer Dragonslayers
832	https://ffxiv.gamerescape.com/wiki/Vows_of_Virtue,_Deeds_of_Cruelty	Vows of Virtue, Deeds of Cruelty
833	https://ffxiv.gamerescape.com/wiki/Waiting_for_the_Wind_to_Change	Waiting for the Wind to Change
834	https://ffxiv.gamerescape.com/wiki/Waiting_in_the_Depths	Waiting in the Depths
835	https://ffxiv.gamerescape.com/wiki/Warm_Hearts,_Rekindled_Hopes	Warm Hearts, Rekindled Hopes
836	https://ffxiv.gamerescape.com/wiki/Warrior_of_Darkness	Warrior of Darkness
837	https://ffxiv.gamerescape.com/wiki/Washed_Up	Washed Up
838	https://ffxiv.gamerescape.com/wiki/Way_Down_in_the_Hole	Way Down in the Hole
839	https://ffxiv.gamerescape.com/wiki/We_Come_in_Peace	We Come in Peace
840	https://ffxiv.gamerescape.com/wiki/We_Must_Rebuild	We Must Rebuild
841	https://ffxiv.gamerescape.com/wiki/What_Do_You_Mean_You_Forgot_the_Wine	What Do You Mean You Forgot the Wine
842	https://ffxiv.gamerescape.com/wiki/What_Little_Gods_Are_Made_Of	What Little Gods Are Made Of
843	https://ffxiv.gamerescape.com/wiki/What_Poor_People_Think	What Poor People Think
844	https://ffxiv.gamerescape.com/wiki/When_All_Hope_Seems_Lost	When All Hope Seems Lost
845	https://ffxiv.gamerescape.com/wiki/When_It_Rains	When It Rains
846	https://ffxiv.gamerescape.com/wiki/When_the_Cold_Sets_In	When the Cold Sets In
847	https://ffxiv.gamerescape.com/wiki/When_the_Dust_Settles	When the Dust Settles
848	https://ffxiv.gamerescape.com/wiki/When_the_Worm_Turns	When the Worm Turns
849	https://ffxiv.gamerescape.com/wiki/When_We_Were_Free	When We Were Free
850	https://ffxiv.gamerescape.com/wiki/When_Yugiri_Met_the_Fraternity	When Yugiri Met the Fraternity
851	https://ffxiv.gamerescape.com/wiki/Where_Courage_Endures	Where Courage Endures
852	https://ffxiv.gamerescape.com/wiki/Where_Everything_Begins	Where Everything Begins
853	https://ffxiv.gamerescape.com/wiki/Where_Kn%E2%88%9Ewledge_Leads	Where Kn∞wledge Leads
854	https://ffxiv.gamerescape.com/wiki/Where_Men_Go_as_One	Where Men Go as One
855	https://ffxiv.gamerescape.com/wiki/Where_the_Chocobos_Roam	Where the Chocobos Roam
856	https://ffxiv.gamerescape.com/wiki/Where_the_Streets_Are_Paved_with_Koban	Where the Streets Are Paved with Koban
857	https://ffxiv.gamerescape.com/wiki/Where_There_Is_Smoke	Where There Is Smoke
858	https://ffxiv.gamerescape.com/wiki/Where_We_Are_Needed	Where We Are Needed
859	https://ffxiv.gamerescape.com/wiki/While_You_Were_Away	While You Were Away
860	https://ffxiv.gamerescape.com/wiki/Why_We_Adventure	Why We Adventure
861	https://ffxiv.gamerescape.com/wiki/Wilred_Wants_You	Wilred Wants You
862	https://ffxiv.gamerescape.com/wiki/Winning_Over_the_Wyrm	Winning Over the Wyrm
863	https://ffxiv.gamerescape.com/wiki/Wise_Guides	Wise Guides
864	https://ffxiv.gamerescape.com/wiki/With_the_Utmost_Care	With the Utmost Care
865	https://ffxiv.gamerescape.com/wiki/With_Tired_Hands_We_Toil	With Tired Hands We Toil
866	https://ffxiv.gamerescape.com/wiki/Without_a_Doubt	Without a Doubt
867	https://ffxiv.gamerescape.com/wiki/Witness_to_the_Spectacle	Witness to the Spectacle
868	https://ffxiv.gamerescape.com/wiki/Wood%27s_Will_Be_Done	Wood's Will Be Done
869	https://ffxiv.gamerescape.com/wiki/Word_from_On_High	Word from On High
870	https://ffxiv.gamerescape.com/wiki/Words_without_Sound	Words without Sound
871	https://ffxiv.gamerescape.com/wiki/Work_in_Progress	Work in Progress
872	https://ffxiv.gamerescape.com/wiki/Working_Off_the_Meal	Working Off the Meal
873	https://ffxiv.gamerescape.com/wiki/Worse_than_Dragons	Worse than Dragons
874	https://ffxiv.gamerescape.com/wiki/Worthy_of_His_Back	Worthy of His Back
875	https://ffxiv.gamerescape.com/wiki/Wrath_of_the_Titan	Wrath of the Titan
876	https://ffxiv.gamerescape.com/wiki/Ye_of_Little_Faith	Ye of Little Faith
877	https://ffxiv.gamerescape.com/wiki/Ye_Wayward_Brothers	Ye Wayward Brothers
878	https://ffxiv.gamerescape.com/wiki/You_Can%27t_Take_It_with_You	You Can't Take It with You
879	https://ffxiv.gamerescape.com/wiki/You_Have_Selected_Regicide	You Have Selected Regicide
880	https://ffxiv.gamerescape.com/wiki/You_Shall_Not_Trespass	You Shall Not Trespass
881	https://ffxiv.gamerescape.com/wiki/You%27re_Not_Alone	You're Not Alone
882	https://ffxiv.gamerescape.com/wiki/Ys_Iala%27s_Errand	Ys Iala's Errand
883	https://ffxiv.gamerescape.com/wiki/Ys_Iala%E2%80%99s_Errand	Ys Iala’s Errand
884	https://ffxiv.gamerescape.com/wiki/Yugiri%27s_Game	Yugiri's Game
885	https://ffxiv.gamerescape.com/wiki/Ziz_Is_So_Ridiculous	Ziz Is So Ridiculous
886	https://ffxiv.gamerescape.com/wiki/%CE%91_Test_of_W%CE%B9ll	Α Test of Wιll
887	https://ffxiv.gamerescape.com/wiki/%E2%94%A3%E2%94%A8%CC%88//%CC%88_No%E2%94%A8%CE%A6oun%CE%94%E2%80%A2%E2%80%A2%E2%80%A2	┣┨̈//̈ No┨ΦounΔ•••
